{"cameraMode":{"drawMode":0,"name":"Shaded","section":"Shading Mode"},"sceneLighting":true,"audioPlay":false,"sceneViewState":{"m_AlwaysRefresh":false,"showFog":true,"showSkybox":true,"showFlares":true,"showImageEffects":true,"showParticleSystems":true,"showVisualEffectGraphs":true,"m_FxEnabled":true},"in2DMode":false,"pivot":{"x":-0.2101307511329651,"y":3.1402883529663088,"z":-1.1157991886138917},"rotation":{"x":-0.11704236268997193,"y":0.002080763690173626,"z":-0.00019359745783731341,"w":-0.9931564331054688},"size":0.5794991850852966,"orthographic":false}