{"cameraMode":{"drawMode":0,"name":"Shaded","section":"Shading Mode"},"sceneLighting":true,"audioPlay":false,"sceneViewState":{"m_AlwaysRefresh":false,"showFog":true,"showSkybox":true,"showFlares":true,"showImageEffects":true,"showParticleSystems":true,"showVisualEffectGraphs":true,"m_FxEnabled":true},"in2DMode":false,"pivot":{"x":2.4530930519104006,"y":-20.831323623657228,"z":105.43492126464844},"rotation":{"x":-0.08868509531021118,"y":-0.014347715303301812,"z":0.0012875585816800595,"w":-0.9959695339202881},"size":61.689208984375,"orthographic":false}