{"cameraMode":{"drawMode":0,"name":"Shaded","section":"Shading Mode"},"sceneLighting":true,"audioPlay":false,"sceneViewState":{"m_AlwaysRefresh":false,"showFog":true,"showSkybox":true,"showFlares":true,"showImageEffects":true,"showParticleSystems":true,"showVisualEffectGraphs":true,"m_FxEnabled":true},"in2DMode":false,"pivot":{"x":-3.4404525756835939,"y":1.8735535144805909,"z":-0.4039348363876343},"rotation":{"x":-0.03479303419589996,"y":-0.0203983373939991,"z":0.000789675978012383,"w":-0.9992209076881409},"size":1.538977861404419,"orthographic":false}