{"cameraMode":{"drawMode":0,"name":"Shaded","section":"Shading Mode"},"sceneLighting":true,"audioPlay":false,"sceneViewState":{"m_AlwaysRefresh":false,"showFog":true,"showSkybox":true,"showFlares":true,"showImageEffects":true,"showParticleSystems":true,"showVisualEffectGraphs":true,"m_FxEnabled":true},"in2DMode":false,"pivot":{"x":5.471145153045654,"y":-10.627584457397461,"z":128.74124145507813},"rotation":{"x":-0.04827067628502846,"y":-0.027869481593370439,"z":0.0013820334570482374,"w":-0.9984678626060486},"size":68.3075942993164,"orthographic":false}